{
    "loss": 6.981070518493652,
    "accuracy": 0.7956501841545105
}