{
    "loss": 1.7305374145507812,
    "accuracy": 0.788853645324707
}